Date_Time,Player_ID,Foul_Type
2026-03-24 00:18:18,Player_1,PUSH FOUL (R-hand vel:28px/f)
2026-03-24 00:18:18,Player_1,PUSH FOUL (R-hand vel:40px/f)
2026-03-24 00:18:18,Player_1,PUSH FOUL (R-hand vel:31px/f)
2026-03-24 00:18:19,Player_1,PUSH FOUL (L-hand vel:74px/f)
2026-03-24 00:18:19,Player_1,PUSH FOUL (R-hand vel:24px/f)
2026-03-24 00:18:19,Player_1,PUSH FOUL (L-hand vel:94px/f)
2026-03-24 00:18:19,Player_1,PUSH FOUL (L-hand vel:45px/f)
2026-03-24 00:18:19,Player_1,PUSH FOUL (L-hand vel:36px/f)
2026-03-24 00:18:23,Player_1,PUSH FOUL (R-hand vel:358px/f)
2026-03-24 00:18:23,Player_1,PUSH FOUL (R-hand vel:379px/f)
2026-03-24 00:18:23,Player_1,PUSH FOUL (R-hand vel:389px/f)
2026-03-24 00:18:23,Player_1,PUSH FOUL (R-hand vel:357px/f)
2026-03-24 00:18:23,Player_1,PUSH FOUL (R-hand vel:363px/f)
2026-03-24 00:18:23,Player_1,PUSH FOUL (R-hand vel:318px/f)
2026-03-24 00:18:23,Player_1,PUSH FOUL (R-hand vel:323px/f)
2026-03-24 00:18:23,Player_1,PUSH FOUL (R-hand vel:316px/f)
2026-03-24 00:18:23,Player_1,PUSH FOUL (R-hand vel:306px/f)
2026-03-24 00:18:23,Player_1,PUSH FOUL (R-hand vel:289px/f)
2026-03-24 00:18:23,Player_1,PUSH FOUL (L-hand vel:257px/f)
2026-03-24 00:18:24,Player_1,PUSH FOUL (L-hand vel:251px/f)
2026-03-24 00:18:24,Player_1,PUSH FOUL (R-hand vel:200px/f)
2026-03-24 00:18:24,Player_1,PUSH FOUL (R-hand vel:213px/f)
2026-03-24 00:18:24,Player_1,PUSH FOUL (R-hand vel:257px/f)
2026-03-24 00:18:24,Player_1,PUSH FOUL (R-hand vel:266px/f)
2026-03-24 00:18:24,Player_1,PUSH FOUL (R-hand vel:268px/f)
2026-03-24 00:18:24,Player_1,PUSH FOUL (R-hand vel:244px/f)
2026-03-24 00:18:24,Player_1,PUSH FOUL (R-hand vel:242px/f)
2026-03-24 00:18:24,Player_1,PUSH FOUL (R-hand vel:241px/f)
2026-03-24 00:18:24,Player_1,PUSH FOUL (R-hand vel:235px/f)
2026-03-24 00:18:24,Player_1,PUSH FOUL (R-hand vel:276px/f)
2026-03-24 00:18:24,Player_1,PUSH FOUL (R-hand vel:269px/f)
2026-03-24 00:18:24,Player_1,PUSH FOUL (R-hand vel:283px/f)
2026-03-24 00:18:24,Player_1,PUSH FOUL (L-hand vel:306px/f)
2026-03-24 00:18:25,Player_1,PUSH FOUL (R-hand vel:305px/f)
2026-03-24 00:18:25,Player_1,PUSH FOUL (R-hand vel:312px/f)
2026-03-24 00:18:25,Player_1,PUSH FOUL (R-hand vel:319px/f)
2026-03-24 00:18:25,Player_1,PUSH FOUL (R-hand vel:315px/f)
2026-03-24 00:18:25,Player_1,PUSH FOUL (L-hand vel:315px/f)
2026-03-24 00:18:25,Player_1,PUSH FOUL (R-hand vel:317px/f)
2026-03-24 00:18:25,Player_1,PUSH FOUL (R-hand vel:314px/f)
2026-03-24 00:18:25,Player_1,PUSH FOUL (R-hand vel:309px/f)
2026-03-24 00:18:25,Player_1,PUSH FOUL (R-hand vel:307px/f)
2026-03-24 00:18:25,Player_1,PUSH FOUL (R-hand vel:325px/f)
2026-03-24 00:18:25,Player_1,PUSH FOUL (R-hand vel:334px/f)
2026-03-24 00:18:26,Player_1,PUSH FOUL (R-hand vel:335px/f)
2026-03-24 00:18:26,Player_1,PUSH FOUL (R-hand vel:326px/f)
2026-03-24 00:18:26,Player_1,PUSH FOUL (R-hand vel:330px/f)
2026-03-24 00:18:26,Player_1,PUSH FOUL (R-hand vel:321px/f)
2026-03-24 00:18:26,Player_1,PUSH FOUL (R-hand vel:308px/f)
2026-03-24 00:18:26,Player_1,PUSH FOUL (R-hand vel:304px/f)
2026-03-24 00:18:26,Player_1,PUSH FOUL (R-hand vel:301px/f)
2026-03-24 00:18:27,Player_1,PUSH FOUL (R-hand vel:306px/f)
2026-03-24 00:18:27,Player_1,PUSH FOUL (R-hand vel:318px/f)
2026-03-24 00:18:27,Player_1,PUSH FOUL (R-hand vel:323px/f)
2026-03-24 00:18:27,Player_1,PUSH FOUL (R-hand vel:328px/f)
2026-03-24 00:18:27,Player_1,PUSH FOUL (R-hand vel:324px/f)
2026-03-24 00:18:28,Player_1,PUSH FOUL (R-hand vel:313px/f)
2026-03-24 00:18:28,Player_1,PUSH FOUL (R-hand vel:319px/f)
2026-03-24 00:18:28,Player_1,PUSH FOUL (R-hand vel:287px/f)
2026-03-24 00:18:28,Player_1,PUSH FOUL (R-hand vel:285px/f)
2026-03-24 00:18:28,Player_1,PUSH FOUL (R-hand vel:284px/f)
2026-03-24 00:18:28,Player_1,PUSH FOUL (R-hand vel:278px/f)
2026-03-24 00:18:28,Player_1,PUSH FOUL (R-hand vel:290px/f)
2026-03-24 00:18:28,Player_1,PUSH FOUL (R-hand vel:169px/f)
2026-03-24 00:18:30,Player_1,PUSH FOUL (L-hand vel:34px/f)
2026-03-24 00:18:30,Player_1,PUSH FOUL (R-hand vel:115px/f)
2026-03-24 00:18:30,Player_1,PUSH FOUL (R-hand vel:77px/f)
2026-03-24 00:18:30,Player_1,PUSH FOUL (R-hand vel:131px/f)
2026-03-24 00:18:31,Player_1,PUSH FOUL (R-hand vel:150px/f)
2026-03-24 00:18:31,Player_1,PUSH FOUL (R-hand vel:170px/f)
2026-03-24 00:18:31,Player_1,PUSH FOUL (R-hand vel:228px/f)
2026-03-24 00:18:31,Player_1,PUSH FOUL (R-hand vel:148px/f)
2026-03-24 00:18:31,Player_1,PUSH FOUL (R-hand vel:106px/f)
2026-03-24 00:18:31,Player_1,PUSH FOUL (R-hand vel:114px/f)
2026-03-24 00:18:31,Player_1,PUSH FOUL (L-hand vel:197px/f)
2026-03-24 00:18:31,Player_1,PUSH FOUL (R-hand vel:124px/f)
2026-03-24 00:18:31,Player_1,PUSH FOUL (L-hand vel:319px/f)
2026-03-24 00:18:32,Player_1,PUSH FOUL (L-hand vel:58px/f)
2026-03-24 00:18:35,Player_1,PUSH FOUL (R-hand vel:58px/f)
2026-03-24 00:18:37,Player_1,PUSH FOUL (R-hand vel:94px/f)
2026-03-24 00:18:37,Player_1,PUSH FOUL (R-hand vel:183px/f)
2026-03-24 00:18:37,Player_1,PUSH FOUL (R-hand vel:131px/f)
2026-03-24 00:18:38,Player_1,PUSH FOUL (R-hand vel:88px/f)
2026-03-24 00:18:38,Player_1,PUSH FOUL (R-hand vel:50px/f)
2026-03-24 00:18:38,Player_1,PUSH FOUL (L-hand vel:47px/f)
2026-03-24 00:18:38,Player_1,PUSH FOUL (L-hand vel:60px/f)
2026-03-24 00:18:38,Player_1,PUSH FOUL (R-hand vel:98px/f)
2026-03-24 00:18:38,Player_1,PUSH FOUL (R-hand vel:180px/f)
2026-03-24 00:18:38,Player_1,PUSH FOUL (R-hand vel:216px/f)
2026-03-24 00:18:38,Player_1,PUSH FOUL (R-hand vel:155px/f)
2026-03-24 00:18:38,Player_1,PUSH FOUL (R-hand vel:54px/f)
2026-03-24 00:18:38,Player_1,PUSH FOUL (R-hand vel:87px/f)
2026-03-24 00:18:38,Player_1,PUSH FOUL (R-hand vel:92px/f)
2026-03-24 00:18:38,Player_1,PUSH FOUL (R-hand vel:105px/f)
2026-03-24 00:18:38,Player_1,PUSH FOUL (R-hand vel:151px/f)
2026-03-24 00:18:39,Player_1,PUSH FOUL (R-hand vel:167px/f)
2026-03-24 00:18:39,Player_1,PUSH FOUL (R-hand vel:205px/f)
2026-03-24 00:18:39,Player_1,PUSH FOUL (R-hand vel:256px/f)
2026-03-24 00:18:39,Player_1,PUSH FOUL (R-hand vel:432px/f)
2026-03-24 00:18:39,Player_1,PUSH FOUL (R-hand vel:458px/f)
2026-03-24 00:18:39,Player_1,PUSH FOUL (R-hand vel:411px/f)
2026-03-24 00:18:39,Player_1,PUSH FOUL (R-hand vel:391px/f)
2026-03-24 00:18:39,Player_1,PUSH FOUL (R-hand vel:91px/f)
2026-03-24 00:18:39,Player_1,PUSH FOUL (L-hand vel:170px/f)
2026-03-24 00:18:40,Player_1,PUSH FOUL (L-hand vel:70px/f)
2026-03-24 00:18:41,Player_1,PUSH FOUL (R-hand vel:106px/f)
2026-03-24 00:18:49,Player_1,PUSH FOUL (R-hand vel:20px/f)
2026-03-24 00:18:49,Player_1,PUSH FOUL (L-hand vel:18px/f)
2026-03-24 00:19:01,Player_1,PUSH FOUL (R-hand vel:25px/f)
2026-03-24 00:19:01,Player_1,PUSH FOUL (R-hand vel:388px/f)
2026-03-24 00:19:01,Player_1,PUSH FOUL (R-hand vel:335px/f)
2026-03-24 00:19:01,Player_1,PUSH FOUL (R-hand vel:241px/f)
2026-03-24 00:19:02,Player_1,PUSH FOUL (R-hand vel:288px/f)
2026-03-24 00:19:02,Player_1,PUSH FOUL (R-hand vel:284px/f)
2026-03-24 00:19:02,Player_1,PUSH FOUL (R-hand vel:461px/f)
2026-03-24 00:19:02,Player_1,PUSH FOUL (R-hand vel:408px/f)
2026-03-24 00:19:02,Player_1,PUSH FOUL (R-hand vel:442px/f)
2026-03-24 00:19:02,Player_1,PUSH FOUL (R-hand vel:433px/f)
2026-03-24 00:19:02,Player_1,PUSH FOUL (R-hand vel:405px/f)
2026-03-24 00:19:02,Player_1,PUSH FOUL (R-hand vel:230px/f)
2026-03-24 00:19:02,Player_1,PUSH FOUL (R-hand vel:258px/f)
2026-03-24 00:19:02,Player_1,PUSH FOUL (R-hand vel:264px/f)
2026-03-24 00:19:02,Player_1,PUSH FOUL (R-hand vel:328px/f)
2026-03-24 00:19:02,Player_1,PUSH FOUL (R-hand vel:299px/f)
2026-03-24 00:19:03,Player_1,PUSH FOUL (R-hand vel:372px/f)
2026-03-24 00:19:03,Player_1,PUSH FOUL (R-hand vel:312px/f)
2026-03-24 00:19:03,Player_1,PUSH FOUL (R-hand vel:279px/f)
2026-03-24 00:19:03,Player_1,PUSH FOUL (R-hand vel:293px/f)
2026-03-24 00:19:03,Player_1,PUSH FOUL (R-hand vel:337px/f)
2026-03-24 00:19:03,Player_1,PUSH FOUL (R-hand vel:286px/f)
2026-03-24 00:19:03,Player_1,PUSH FOUL (R-hand vel:234px/f)
2026-03-24 00:19:03,Player_1,PUSH FOUL (R-hand vel:253px/f)
2026-03-24 00:19:03,Player_1,PUSH FOUL (R-hand vel:287px/f)
2026-03-24 00:19:03,Player_1,PUSH FOUL (R-hand vel:249px/f)
2026-03-24 00:19:04,Player_1,PUSH FOUL (R-hand vel:228px/f)
2026-03-24 00:19:04,Player_1,PUSH FOUL (R-hand vel:225px/f)
2026-03-24 00:19:04,Player_1,PUSH FOUL (R-hand vel:224px/f)
2026-03-24 00:19:04,Player_1,PUSH FOUL (R-hand vel:216px/f)
2026-03-24 00:19:04,Player_1,PUSH FOUL (R-hand vel:220px/f)
2026-03-24 00:19:04,Player_1,PUSH FOUL (R-hand vel:257px/f)
2026-03-24 00:19:04,Player_1,PUSH FOUL (R-hand vel:242px/f)
2026-03-24 00:19:04,Player_1,PUSH FOUL (R-hand vel:247px/f)
2026-03-24 00:19:04,Player_1,PUSH FOUL (R-hand vel:275px/f)
2026-03-24 00:19:04,Player_1,PUSH FOUL (R-hand vel:256px/f)
2026-03-24 00:19:05,Player_1,PUSH FOUL (R-hand vel:300px/f)
2026-03-24 00:19:05,Player_1,PUSH FOUL (R-hand vel:306px/f)
2026-03-24 00:19:05,Player_1,PUSH FOUL (R-hand vel:311px/f)
2026-03-24 00:19:05,Player_1,PUSH FOUL (R-hand vel:361px/f)
2026-03-24 00:19:06,Player_1,PUSH FOUL (R-hand vel:416px/f)
2026-03-24 00:19:06,Player_1,PUSH FOUL (R-hand vel:400px/f)
2026-03-24 00:19:06,Player_1,PUSH FOUL (R-hand vel:383px/f)
2026-03-24 00:19:07,Player_1,PUSH FOUL (R-hand vel:368px/f)
2026-03-24 00:19:07,Player_1,PUSH FOUL (R-hand vel:386px/f)
2026-03-24 00:19:08,Player_1,PUSH FOUL (R-hand vel:470px/f)
2026-03-24 00:19:08,Player_1,PUSH FOUL (R-hand vel:499px/f)
2026-03-24 00:19:08,Player_1,PUSH FOUL (R-hand vel:447px/f)
2026-03-24 00:19:08,Player_1,PUSH FOUL (R-hand vel:478px/f)
2026-03-24 00:19:08,Player_1,PUSH FOUL (R-hand vel:446px/f)
2026-03-24 00:19:08,Player_1,PUSH FOUL (R-hand vel:278px/f)
2026-03-24 15:10:23,Player_1,PUSH FOUL (L-hand vel:58px/f)
2026-03-24 15:10:23,Player_1,PUSH FOUL (L-hand vel:55px/f)
2026-03-24 15:10:23,Player_1,PUSH FOUL (L-hand vel:21px/f)
2026-03-24 15:10:23,Player_1,PUSH FOUL (R-hand vel:37px/f)
2026-03-24 15:10:23,Player_1,PUSH FOUL (R-hand vel:68px/f)
2026-03-24 15:10:23,Player_1,PUSH FOUL (R-hand vel:72px/f)
2026-03-24 15:10:23,Player_1,PUSH FOUL (R-hand vel:89px/f)
2026-03-24 15:10:23,Player_1,PUSH FOUL (R-hand vel:91px/f)
2026-03-24 15:10:23,Player_1,PUSH FOUL (R-hand vel:97px/f)
2026-03-24 15:10:24,Player_1,PUSH FOUL (R-hand vel:100px/f)
2026-03-24 15:10:24,Player_1,PUSH FOUL (R-hand vel:96px/f)
2026-03-24 15:10:24,Player_1,PUSH FOUL (R-hand vel:93px/f)
2026-03-24 15:10:24,Player_1,PUSH FOUL (R-hand vel:94px/f)
2026-03-24 15:10:24,Player_1,PUSH FOUL (R-hand vel:98px/f)
2026-03-24 15:10:24,Player_1,PUSH FOUL (R-hand vel:102px/f)
2026-03-24 15:10:24,Player_1,PUSH FOUL (R-hand vel:101px/f)
2026-03-24 15:10:25,Player_1,PUSH FOUL (R-hand vel:99px/f)
2026-03-24 15:10:26,Player_1,PUSH FOUL (R-hand vel:95px/f)
2026-03-24 15:10:26,Player_1,PUSH FOUL (R-hand vel:89px/f)
2026-03-24 15:10:27,Player_1,PUSH FOUL (R-hand vel:74px/f)
2026-03-24 15:10:27,Player_1,PUSH FOUL (R-hand vel:49px/f)
2026-03-24 15:10:27,Player_1,PUSH FOUL (L-hand vel:38px/f)
2026-03-24 15:10:27,Player_1,PUSH FOUL (L-hand vel:52px/f)
2026-03-24 15:10:27,Player_1,PUSH FOUL (L-hand vel:64px/f)
2026-03-24 15:10:27,Player_1,PUSH FOUL (R-hand vel:82px/f)
2026-03-24 15:10:29,Player_1,PUSH FOUL (R-hand vel:126px/f)
2026-03-24 15:10:29,Player_1,PUSH FOUL (R-hand vel:464px/f)
2026-03-24 15:10:29,Player_1,PUSH FOUL (R-hand vel:469px/f)
2026-03-24 15:10:29,Player_1,PUSH FOUL (R-hand vel:481px/f)
2026-03-24 15:10:29,Player_1,PUSH FOUL (R-hand vel:409px/f)
2026-03-24 15:10:29,Player_1,PUSH FOUL (R-hand vel:397px/f)
2026-03-24 15:10:32,Player_1,PUSH FOUL (L-hand vel:55px/f)
2026-03-24 15:10:32,Player_1,PUSH FOUL (L-hand vel:32px/f)
2026-03-24 15:10:32,Player_1,PUSH FOUL (L-hand vel:84px/f)
2026-03-24 15:10:32,Player_1,PUSH FOUL (L-hand vel:109px/f)
2026-03-24 15:10:32,Player_1,PUSH FOUL (R-hand vel:92px/f)
2026-03-24 15:10:32,Player_1,PUSH FOUL (R-hand vel:669px/f)
2026-03-24 15:10:33,Player_1,PUSH FOUL (R-hand vel:1213px/f)
2026-03-24 15:10:33,Player_1,PUSH FOUL (R-hand vel:209px/f)
2026-03-24 15:10:34,Player_1,PUSH FOUL (R-hand vel:439px/f)
2026-03-24 15:10:35,Player_1,PUSH FOUL (R-hand vel:258px/f)
2026-03-24 15:10:35,Player_1,PUSH FOUL (R-hand vel:1620px/f)
2026-03-24 15:10:35,Player_1,PUSH FOUL (L-hand vel:1445px/f)
2026-03-24 15:10:35,Player_1,PUSH FOUL (R-hand vel:1679px/f)
2026-03-24 15:10:36,Player_1,PUSH FOUL (L-hand vel:1027px/f)
2026-03-24 15:10:36,Player_1,PUSH FOUL (L-hand vel:115px/f)
2026-03-24 15:10:36,Player_4,PUSH FOUL (L-hand vel:535px/f)
2026-03-24 15:10:36,Player_1,PUSH FOUL (R-hand vel:332px/f)
2026-03-24 15:10:36,Player_4,PUSH FOUL (R-hand vel:500px/f)
2026-03-24 15:10:36,Player_1,PUSH FOUL (R-hand vel:1696px/f)
2026-03-24 15:10:36,Player_4,PUSH FOUL (L-hand vel:476px/f)
2026-03-24 15:10:37,Player_1,PUSH FOUL (L-hand vel:645px/f)
2026-03-24 15:10:37,Player_1,PUSH FOUL (L-hand vel:654px/f)
2026-03-24 15:10:37,Player_1,PUSH FOUL (L-hand vel:663px/f)
2026-03-24 15:10:37,Player_1,PUSH FOUL (L-hand vel:690px/f)
2026-03-24 15:10:37,Player_1,PUSH FOUL (L-hand vel:720px/f)
2026-03-24 15:10:37,Player_1,PUSH FOUL (L-hand vel:749px/f)
2026-03-24 15:10:37,Player_1,PUSH FOUL (L-hand vel:755px/f)
2026-03-24 15:10:37,Player_1,PUSH FOUL (L-hand vel:737px/f)
2026-03-24 15:10:37,Player_1,PUSH FOUL (L-hand vel:732px/f)
2026-03-24 15:10:37,Player_1,PUSH FOUL (L-hand vel:700px/f)
2026-03-24 15:10:37,Player_1,PUSH FOUL (L-hand vel:667px/f)
2026-03-24 15:10:38,Player_1,PUSH FOUL (L-hand vel:724px/f)
2026-03-24 15:10:38,Player_1,PUSH FOUL (L-hand vel:747px/f)
2026-03-24 15:10:42,Player_1,PUSH FOUL (L-hand vel:30px/f)
2026-03-24 15:10:43,Player_1,PUSH FOUL (L-hand vel:615px/f)
2026-03-24 15:10:43,Player_1,PUSH FOUL (L-hand vel:609px/f)
2026-03-24 15:10:43,Player_1,PUSH FOUL (L-hand vel:576px/f)
2026-03-24 15:10:43,Player_1,PUSH FOUL (L-hand vel:495px/f)
2026-03-24 15:10:43,Player_1,PUSH FOUL (L-hand vel:484px/f)
2026-03-24 15:10:43,Player_1,PUSH FOUL (L-hand vel:488px/f)
2026-03-24 15:10:43,Player_1,PUSH FOUL (L-hand vel:483px/f)
2026-03-24 15:10:43,Player_1,PUSH FOUL (L-hand vel:502px/f)
2026-03-24 15:10:44,Player_1,PUSH FOUL (L-hand vel:1239px/f)
2026-03-24 15:10:44,Player_1,PUSH FOUL (L-hand vel:1234px/f)
2026-03-24 15:10:44,Player_1,PUSH FOUL (L-hand vel:1227px/f)
2026-03-24 15:10:44,Player_1,PUSH FOUL (L-hand vel:1225px/f)
2026-03-24 15:10:44,Player_1,PUSH FOUL (L-hand vel:1229px/f)
2026-03-24 15:10:44,Player_1,PUSH FOUL (L-hand vel:1223px/f)
2026-03-24 15:10:44,Player_1,PUSH FOUL (L-hand vel:1217px/f)
2026-03-24 15:10:44,Player_1,PUSH FOUL (L-hand vel:1232px/f)
2026-03-24 15:10:44,Player_1,PUSH FOUL (L-hand vel:1236px/f)
2026-03-24 15:10:44,Player_1,PUSH FOUL (R-hand vel:46px/f)
2026-03-24 15:10:45,Player_1,PUSH FOUL (R-hand vel:91px/f)
2026-03-24 15:10:45,Player_1,PUSH FOUL (L-hand vel:134px/f)
2026-03-24 15:10:46,Player_1,PUSH FOUL (L-hand vel:31px/f)
2026-03-24 15:10:46,Player_1,PUSH FOUL (L-hand vel:76px/f)
2026-03-24 15:10:47,Player_1,PUSH FOUL (L-hand vel:116px/f)
2026-03-24 15:10:47,Player_1,PUSH FOUL (L-hand vel:148px/f)
2026-03-24 15:10:47,Player_1,PUSH FOUL (L-hand vel:155px/f)
2026-03-24 15:10:47,Player_1,PUSH FOUL (L-hand vel:160px/f)
2026-03-24 15:10:47,Player_1,PUSH FOUL (L-hand vel:146px/f)
2026-03-24 15:10:47,Player_1,PUSH FOUL (L-hand vel:136px/f)
2026-03-24 15:10:47,Player_1,PUSH FOUL (R-hand vel:228px/f)
2026-03-24 15:10:47,Player_1,PUSH FOUL (R-hand vel:367px/f)
2026-03-24 15:10:47,Player_1,PUSH FOUL (R-hand vel:462px/f)
2026-03-24 15:10:47,Player_1,PUSH FOUL (R-hand vel:524px/f)
2026-03-24 15:10:47,Player_1,PUSH FOUL (R-hand vel:574px/f)
2026-03-24 15:10:47,Player_1,PUSH FOUL (R-hand vel:593px/f)
2026-03-24 15:10:47,Player_1,PUSH FOUL (R-hand vel:608px/f)
2026-03-24 15:10:47,Player_1,PUSH FOUL (R-hand vel:599px/f)
2026-03-24 15:10:48,Player_1,PUSH FOUL (R-hand vel:587px/f)
2026-03-24 15:10:48,Player_1,PUSH FOUL (R-hand vel:577px/f)
2026-03-24 15:10:48,Player_1,PUSH FOUL (R-hand vel:601px/f)
2026-03-24 15:10:49,Player_1,PUSH FOUL (R-hand vel:41px/f)
2026-03-24 15:10:50,Player_1,PUSH FOUL (L-hand vel:506px/f)
2026-03-24 15:10:51,Player_17,PUSH FOUL (L-hand vel:149px/f)
2026-03-24 15:10:53,Player_1,PUSH FOUL (R-hand vel:28px/f)
2026-03-24 15:10:53,Player_1,PUSH FOUL (R-hand vel:57px/f)
2026-03-24 15:10:53,Player_1,PUSH FOUL (R-hand vel:82px/f)
2026-03-24 15:10:53,Player_1,PUSH FOUL (L-hand vel:47px/f)
2026-03-24 15:10:53,Player_1,PUSH FOUL (L-hand vel:183px/f)
2026-03-24 15:10:53,Player_1,PUSH FOUL (R-hand vel:227px/f)
2026-03-24 15:10:53,Player_1,PUSH FOUL (R-hand vel:349px/f)
2026-03-24 15:10:53,Player_1,PUSH FOUL (R-hand vel:312px/f)
2026-03-24 15:10:53,Player_1,PUSH FOUL (R-hand vel:334px/f)
2026-03-24 15:10:54,Player_1,PUSH FOUL (R-hand vel:287px/f)
2026-03-24 15:10:54,Player_1,PUSH FOUL (R-hand vel:338px/f)
2026-03-24 15:10:54,Player_1,PUSH FOUL (R-hand vel:341px/f)
2026-03-24 15:10:54,Player_1,PUSH FOUL (R-hand vel:306px/f)
2026-03-24 15:10:54,Player_1,PUSH FOUL (R-hand vel:235px/f)
2026-03-24 15:10:54,Player_1,PUSH FOUL (R-hand vel:348px/f)
2026-03-24 15:10:54,Player_1,PUSH FOUL (R-hand vel:382px/f)
2026-03-24 15:10:55,Player_1,PUSH FOUL (L-hand vel:61px/f)
2026-03-24 15:10:55,Player_1,PUSH FOUL (R-hand vel:65px/f)
2026-03-24 15:10:55,Player_1,PUSH FOUL (R-hand vel:45px/f)
2026-03-24 15:10:56,Player_1,PUSH FOUL (L-hand vel:36px/f)
2026-03-24 15:10:56,Player_1,PUSH FOUL (R-hand vel:26px/f)
2026-03-24 15:10:56,Player_1,PUSH FOUL (R-hand vel:19px/f)
2026-03-24 15:10:56,Player_1,PUSH FOUL (R-hand vel:51px/f)
2026-03-24 15:10:56,Player_1,PUSH FOUL (L-hand vel:40px/f)
2026-03-24 15:10:56,Player_1,PUSH FOUL (R-hand vel:47px/f)
2026-03-24 15:10:56,Player_1,PUSH FOUL (R-hand vel:40px/f)
2026-03-24 15:10:57,Player_1,PUSH FOUL (L-hand vel:70px/f)
2026-03-24 15:10:57,Player_1,PUSH FOUL (R-hand vel:35px/f)
2026-03-24 15:10:58,Player_1,PUSH FOUL (L-hand vel:103px/f)
2026-03-24 15:11:00,Player_1,PUSH FOUL (R-hand vel:1408px/f)
2026-03-24 15:11:01,Player_1,PUSH FOUL (R-hand vel:1435px/f)
2026-03-24 15:11:01,Player_1,PUSH FOUL (R-hand vel:127px/f)
2026-03-24 15:11:01,Player_1,PUSH FOUL (R-hand vel:264px/f)
2026-03-24 15:11:01,Player_1,PUSH FOUL (R-hand vel:132px/f)
2026-03-24 15:11:01,Player_1,PUSH FOUL (L-hand vel:310px/f)
2026-03-24 15:11:01,Player_1,PUSH FOUL (R-hand vel:1572px/f)
2026-03-24 15:11:01,Player_25,PUSH FOUL (R-hand vel:725px/f)
2026-03-24 15:11:01,Player_1,PUSH FOUL (R-hand vel:1753px/f)
2026-03-24 15:11:01,Player_1,PUSH FOUL (R-hand vel:1562px/f)
2026-03-24 15:11:01,Player_25,PUSH FOUL (R-hand vel:721px/f)
2026-03-24 15:11:02,Player_1,PUSH FOUL (R-hand vel:179px/f)
2026-03-24 15:11:02,Player_25,PUSH FOUL (R-hand vel:768px/f)
2026-03-24 15:11:02,Player_1,PUSH FOUL (L-hand vel:63px/f)
2026-03-24 15:11:02,Player_1,PUSH FOUL (R-hand vel:175px/f)
2026-03-24 15:11:02,Player_25,PUSH FOUL (R-hand vel:756px/f)
2026-03-24 15:11:02,Player_1,PUSH FOUL (R-hand vel:172px/f)
2026-03-24 15:11:02,Player_25,PUSH FOUL (R-hand vel:775px/f)
2026-03-24 15:11:02,Player_1,PUSH FOUL (R-hand vel:157px/f)
2026-03-24 15:11:02,Player_25,PUSH FOUL (R-hand vel:747px/f)
2026-03-24 15:11:02,Player_1,PUSH FOUL (L-hand vel:93px/f)
2026-03-24 15:11:03,Player_1,PUSH FOUL (R-hand vel:2396px/f)
2026-03-24 15:11:03,Player_25,PUSH FOUL (R-hand vel:850px/f)
2026-03-24 15:11:03,Player_1,PUSH FOUL (R-hand vel:2399px/f)
2026-03-24 15:11:03,Player_1,PUSH FOUL (R-hand vel:2398px/f)
2026-03-24 15:11:03,Player_25,PUSH FOUL (R-hand vel:862px/f)
2026-03-24 15:11:03,Player_1,PUSH FOUL (R-hand vel:2496px/f)
2026-03-24 15:11:03,Player_1,PUSH FOUL (R-hand vel:2411px/f)
2026-03-24 15:11:03,Player_25,PUSH FOUL (R-hand vel:800px/f)
2026-03-24 15:11:04,Player_1,PUSH FOUL (L-hand vel:253px/f)
2026-03-24 15:11:04,Player_1,PUSH FOUL (L-hand vel:263px/f)
2026-03-24 15:11:04,Player_25,PUSH FOUL (L-hand vel:166px/f)
2026-03-24 15:11:04,Player_1,PUSH FOUL (L-hand vel:286px/f)
2026-03-24 15:11:04,Player_25,PUSH FOUL (L-hand vel:295px/f)
2026-03-24 15:11:04,Player_25,PUSH FOUL (L-hand vel:152px/f)
2026-03-24 15:11:05,Player_25,PUSH FOUL (L-hand vel:220px/f)
2026-03-24 15:11:05,Player_25,PUSH FOUL (L-hand vel:159px/f)
2026-03-24 15:11:05,Player_25,PUSH FOUL (R-hand vel:349px/f)
2026-03-24 15:11:05,Player_25,PUSH FOUL (R-hand vel:489px/f)
2026-03-24 15:11:05,Player_25,PUSH FOUL (R-hand vel:485px/f)
2026-03-24 15:11:05,Player_25,PUSH FOUL (R-hand vel:285px/f)
2026-03-24 15:11:06,Player_1,PUSH FOUL (R-hand vel:92px/f)
2026-03-24 15:11:06,Player_1,PUSH FOUL (R-hand vel:34px/f)
2026-03-24 15:11:06,Player_25,PUSH FOUL (R-hand vel:309px/f)
2026-03-24 15:11:07,Player_1,PUSH FOUL (R-hand vel:52px/f)
2026-03-24 15:11:11,Player_1,PUSH FOUL (L-hand vel:118px/f)
2026-03-24 15:11:11,Player_1,PUSH FOUL (R-hand vel:300px/f)
2026-03-24 15:11:12,Player_1,PUSH FOUL (R-hand vel:866px/f)
2026-03-24 15:11:12,Player_1,PUSH FOUL (R-hand vel:823px/f)
2026-03-24 15:11:12,Player_1,PUSH FOUL (L-hand vel:564px/f)
2026-03-24 15:11:14,Player_1,PUSH FOUL (L-hand vel:205px/f)
2026-03-24 15:11:14,Player_1,PUSH FOUL (L-hand vel:360px/f)
2026-03-24 15:11:14,Player_1,PUSH FOUL (L-hand vel:788px/f)
2026-03-24 15:11:14,Player_1,PUSH FOUL (R-hand vel:484px/f)
2026-03-24 15:11:14,Player_1,PUSH FOUL (L-hand vel:465px/f)
2026-03-24 15:11:14,Player_1,PUSH FOUL (L-hand vel:445px/f)
2026-03-24 15:11:18,Player_25,PUSH FOUL (R-hand vel:131px/f)
2026-03-24 15:11:18,Player_1,PUSH FOUL (R-hand vel:105px/f)
2026-03-24 15:11:18,Player_25,PUSH FOUL (L-hand vel:155px/f)
2026-03-24 15:11:18,Player_1,PUSH FOUL (R-hand vel:325px/f)
2026-03-24 15:11:18,Player_1,PUSH FOUL (R-hand vel:384px/f)
2026-03-24 15:11:18,Player_25,PUSH FOUL (L-hand vel:356px/f)
2026-03-24 15:11:19,Player_25,PUSH FOUL (R-hand vel:870px/f)
2026-03-24 15:11:19,Player_1,PUSH FOUL (L-hand vel:892px/f)
2026-03-24 15:11:19,Player_25,PUSH FOUL (R-hand vel:777px/f)
2026-03-24 15:11:19,Player_1,PUSH FOUL (L-hand vel:320px/f)
2026-03-24 15:11:19,Player_1,PUSH FOUL (L-hand vel:1837px/f)
2026-03-24 15:11:19,Player_1,PUSH FOUL (L-hand vel:5335px/f)
2026-03-24 15:11:19,Player_1,PUSH FOUL (L-hand vel:4894px/f)
2026-03-24 15:11:19,Player_1,PUSH FOUL (L-hand vel:3318px/f)
2026-03-24 15:11:20,Player_1,PUSH FOUL (L-hand vel:610px/f)
2026-03-24 15:11:23,Player_25,PUSH FOUL (R-hand vel:776px/f)
2026-03-24 15:11:23,Player_25,PUSH FOUL (R-hand vel:723px/f)
2026-03-24 15:11:24,Player_1,PUSH FOUL (R-hand vel:737px/f)
2026-03-24 15:11:25,Player_1,PUSH FOUL (R-hand vel:205px/f)
2026-03-24 15:11:25,Player_1,PUSH FOUL (L-hand vel:495px/f)
2026-03-24 15:11:28,Player_25,PUSH FOUL (L-hand vel:266px/f)
2026-03-24 15:11:28,Player_25,PUSH FOUL (R-hand vel:166px/f)
2026-03-24 15:11:28,Player_25,PUSH FOUL (L-hand vel:208px/f)
2026-03-24 15:11:29,Player_1,PUSH FOUL (R-hand vel:22px/f)
2026-03-24 15:11:29,Player_1,PUSH FOUL (L-hand vel:35px/f)
2026-03-24 15:11:29,Player_25,PUSH FOUL (L-hand vel:262px/f)
2026-03-24 15:11:29,Player_1,PUSH FOUL (R-hand vel:764px/f)
2026-03-24 15:11:29,Player_25,PUSH FOUL (L-hand vel:214px/f)
2026-03-24 15:11:29,Player_1,PUSH FOUL (R-hand vel:163px/f)
2026-03-24 15:11:29,Player_1,PUSH FOUL (R-hand vel:2291px/f)
2026-03-24 15:11:29,Player_1,PUSH FOUL (R-hand vel:2265px/f)
2026-03-24 15:11:29,Player_1,PUSH FOUL (R-hand vel:3331px/f)
2026-03-24 15:11:30,Player_1,PUSH FOUL (R-hand vel:2225px/f)
2026-03-24 15:11:30,Player_1,PUSH FOUL (R-hand vel:2281px/f)
2026-03-24 15:11:30,Player_1,PUSH FOUL (L-hand vel:877px/f)
2026-03-24 15:11:30,Player_1,PUSH FOUL (R-hand vel:1936px/f)
2026-03-24 15:11:31,Player_1,PUSH FOUL (R-hand vel:1983px/f)
2026-03-24 15:11:31,Player_1,PUSH FOUL (R-hand vel:1958px/f)
2026-03-24 15:11:31,Player_1,PUSH FOUL (R-hand vel:1948px/f)
2026-03-24 15:11:31,Player_1,PUSH FOUL (R-hand vel:1981px/f)
2026-03-24 15:11:31,Player_1,PUSH FOUL (R-hand vel:1938px/f)
2026-03-24 15:11:31,Player_1,PUSH FOUL (R-hand vel:858px/f)
2026-03-24 15:11:31,Player_1,PUSH FOUL (R-hand vel:859px/f)
2026-03-24 15:11:31,Player_1,PUSH FOUL (R-hand vel:840px/f)
2026-03-24 15:11:32,Player_1,PUSH FOUL (R-hand vel:791px/f)
2026-03-24 15:11:32,Player_1,PUSH FOUL (R-hand vel:830px/f)
2026-03-24 15:11:32,Player_1,PUSH FOUL (R-hand vel:819px/f)
2026-03-24 15:11:32,Player_1,PUSH FOUL (R-hand vel:851px/f)
2026-03-24 15:11:32,Player_1,PUSH FOUL (R-hand vel:829px/f)
2026-03-24 15:11:32,Player_1,PUSH FOUL (R-hand vel:845px/f)
2026-03-24 15:11:32,Player_1,PUSH FOUL (L-hand vel:979px/f)
2026-03-24 15:11:33,Player_1,PUSH FOUL (L-hand vel:987px/f)
2026-03-24 15:11:33,Player_1,PUSH FOUL (R-hand vel:828px/f)
2026-03-24 15:11:34,Player_1,PUSH FOUL (R-hand vel:100px/f)
2026-03-24 15:11:34,Player_1,PUSH FOUL (R-hand vel:136px/f)
2026-03-24 15:11:34,Player_1,PUSH FOUL (R-hand vel:96px/f)
2026-03-24 15:11:34,Player_1,PUSH FOUL (R-hand vel:143px/f)
2026-03-24 15:11:34,Player_1,PUSH FOUL (R-hand vel:179px/f)
2026-03-24 15:11:34,Player_1,PUSH FOUL (R-hand vel:219px/f)
2026-03-24 15:11:34,Player_1,PUSH FOUL (R-hand vel:164px/f)
2026-03-24 15:11:34,Player_1,PUSH FOUL (R-hand vel:123px/f)
2026-03-24 15:11:34,Player_1,PUSH FOUL (L-hand vel:101px/f)
2026-03-24 15:11:35,Player_1,PUSH FOUL (R-hand vel:107px/f)
2026-03-24 15:11:35,Player_1,PUSH FOUL (L-hand vel:112px/f)
2026-03-24 15:11:35,Player_1,PUSH FOUL (L-hand vel:94px/f)
2026-03-24 15:11:36,Player_1,ILLEGAL HANDS (L-arm angle:171°)
2026-03-24 15:11:36,Player_1,ILLEGAL HANDS (L-arm angle:173°)
2026-03-24 15:11:36,Player_1,PUSH FOUL (L-hand vel:18px/f)
2026-03-24 15:11:36,Player_1,PUSH FOUL (L-hand vel:81px/f)
2026-03-24 15:11:36,Player_1,PUSH FOUL (L-hand vel:62px/f)
2026-03-24 15:11:36,Player_1,PUSH FOUL (L-hand vel:93px/f)
2026-03-24 15:11:36,Player_1,PUSH FOUL (L-hand vel:89px/f)
2026-03-24 15:11:36,Player_1,PUSH FOUL (L-hand vel:47px/f)
2026-03-24 15:11:36,Player_1,PUSH FOUL (R-hand vel:98px/f)
2026-03-24 15:11:36,Player_1,PUSH FOUL (L-hand vel:27px/f)
2026-03-24 15:11:36,Player_1,PUSH FOUL (R-hand vel:32px/f)
2026-03-24 15:11:36,Player_1,PUSH FOUL (R-hand vel:71px/f)
2026-03-24 15:11:37,Player_1,PUSH FOUL (R-hand vel:70px/f)
2026-03-24 15:11:37,Player_1,PUSH FOUL (R-hand vel:63px/f)
2026-03-24 15:32:14,Player_1,ILLEGAL HANDS (L 161°)
2026-03-24 15:32:14,Player_1,ILLEGAL HANDS (L 162°)
2026-03-24 15:32:14,Player_1,ILLEGAL HANDS (L 159°)
2026-03-24 15:32:14,Player_1,ILLEGAL HANDS (L 156°)
2026-03-24 15:32:15,Player_1,ILLEGAL HANDS (L 164°)
2026-03-24 15:32:15,Player_1,ILLEGAL HANDS (L 165°)
2026-03-24 15:32:16,Player_1,ILLEGAL HANDS (L 166°)
2026-03-24 15:32:16,Player_1,ILLEGAL HANDS (L 163°)
2026-03-24 15:32:17,Player_1,ILLEGAL HANDS (L 158°)
2026-03-24 15:32:17,Player_1,ILLEGAL HANDS (R 174°)
2026-03-24 15:32:17,Player_1,ILLEGAL HANDS (R 173°)
2026-03-24 15:32:17,Player_1,ILLEGAL HANDS (R 176°)
2026-03-24 15:32:17,Player_1,ILLEGAL HANDS (R 178°)
2026-03-24 15:32:17,Player_1,ILLEGAL HANDS (R 175°)
2026-03-24 15:32:18,Player_1,ILLEGAL HANDS (R 172°)
2026-03-24 15:32:18,Player_1,ILLEGAL HANDS (R 171°)
2026-03-24 15:32:18,Player_1,ILLEGAL HANDS (L 170°)
2026-03-24 15:32:18,Player_1,ILLEGAL HANDS (L 171°)
2026-03-24 15:32:18,Player_1,ILLEGAL HANDS (L 176°)
2026-03-24 15:32:18,Player_1,ILLEGAL HANDS (L 175°)
2026-03-24 15:32:18,Player_1,ILLEGAL HANDS (L 172°)
2026-03-24 15:32:19,Player_1,ILLEGAL HANDS (R 166°)
2026-03-24 15:32:19,Player_1,ILLEGAL HANDS (R 159°)
2026-03-24 15:32:19,Player_1,ILLEGAL HANDS (R 163°)
2026-03-24 15:32:19,Player_1,ILLEGAL HANDS (R 160°)
2026-03-24 15:32:19,Player_1,ILLEGAL HANDS (R 156°)
2026-03-24 15:32:19,Player_1,ILLEGAL HANDS (R 158°)
2026-03-24 15:32:19,Player_1,ILLEGAL HANDS (R 165°)
2026-03-24 15:32:19,Player_1,ILLEGAL HANDS (R 167°)
2026-03-24 15:32:19,Player_1,ILLEGAL HANDS (R 170°)
2026-03-24 15:32:20,Player_1,ILLEGAL HANDS (R 164°)
2026-03-24 15:32:28,Player_1,ILLEGAL HANDS (L 178°)
2026-03-24 15:32:28,Player_1,ILLEGAL HANDS (R 162°)
2026-03-24 15:32:28,Player_1,ILLEGAL HANDS (R 167°)
2026-03-24 15:32:28,Player_1,ILLEGAL HANDS (R 175°)
2026-03-24 15:32:28,Player_1,ILLEGAL HANDS (R 173°)
2026-03-24 15:32:28,Player_1,ILLEGAL HANDS (R 170°)
2026-03-24 15:32:50,Player_37,ILLEGAL HANDS (L 161°)
2026-03-24 15:32:50,Player_37,ILLEGAL HANDS (L 168°)
2026-03-24 15:32:50,Player_37,ILLEGAL HANDS (L 176°)
2026-03-24 15:32:50,Player_37,ILLEGAL HANDS (L 167°)
2026-03-24 15:32:51,Player_37,ILLEGAL HANDS (L 166°)
2026-03-24 15:32:51,Player_37,ILLEGAL HANDS (L 162°)
2026-03-24 15:32:51,Player_37,ILLEGAL HANDS (L 157°)
2026-03-24 15:32:51,Player_37,ILLEGAL HANDS (L 170°)
2026-03-24 15:32:51,Player_37,ILLEGAL HANDS (L 180°)
2026-03-24 15:32:51,Player_37,ILLEGAL HANDS (L 179°)
2026-03-24 15:32:51,Player_37,ILLEGAL HANDS (L 171°)
2026-03-24 15:32:51,Player_37,ILLEGAL HANDS (R 161°)
2026-03-24 15:32:51,Player_37,ILLEGAL HANDS (R 164°)
2026-03-24 15:32:52,Player_37,ILLEGAL HANDS (R 162°)
2026-03-24 15:32:52,Player_37,ILLEGAL HANDS (R 159°)
2026-03-24 15:32:52,Player_37,ILLEGAL HANDS (R 158°)
2026-03-24 15:32:52,Player_37,ILLEGAL HANDS (R 157°)
2026-03-24 15:32:52,Player_37,ILLEGAL HANDS (R 156°)
2026-03-24 15:32:53,Player_37,ILLEGAL HANDS (L 174°)
2026-03-24 15:32:53,Player_37,ILLEGAL HANDS (L 155°)
2026-03-24 15:47:09,Player_11,ILLEGAL HANDS (L 176°)
2026-03-24 15:47:10,Player_11,ILLEGAL HANDS (L 168°)
2026-03-24 15:47:11,Player_11,ILLEGAL HANDS (R 161°)
2026-03-24 15:47:12,Player_1,ILLEGAL HANDS (L 164°)
2026-03-24 15:47:28,Player_1,ILLEGAL HANDS (R 164°)
2026-03-24 15:47:28,Player_1,ILLEGAL HANDS (R 167°)
2026-03-24 15:47:28,Player_1,ILLEGAL HANDS (R 168°)
2026-03-24 15:47:28,Player_1,ILLEGAL HANDS (R 159°)
2026-03-24 15:47:28,Player_1,ILLEGAL HANDS (R 165°)
2026-03-24 15:47:29,Player_1,ILLEGAL HANDS (R 161°)
2026-03-24 15:47:29,Player_1,ILLEGAL HANDS (R 158°)
2026-03-24 15:47:29,Player_1,ILLEGAL HANDS (R 160°)
2026-03-24 15:47:30,Player_1,ILLEGAL HANDS (R 166°)
2026-03-24 15:47:31,Player_1,ILLEGAL HANDS (R 163°)
2026-03-24 15:47:31,Player_1,ILLEGAL HANDS (R 162°)
2026-03-24 15:47:31,Player_1,ILLEGAL HANDS (R 164°)
2026-03-24 15:47:31,Player_1,ILLEGAL HANDS (R 156°)
2026-03-24 15:47:32,Player_1,ILLEGAL HANDS (R 157°)
2026-03-24 15:47:33,Player_1,ILLEGAL HANDS (R 155°)
2026-03-24 15:47:33,Player_1,ILLEGAL HANDS (R 158°)
2026-03-24 15:47:38,Player_1,ILLEGAL HANDS (L 172°)
2026-03-24 15:47:38,Player_1,ILLEGAL HANDS (L 173°)
2026-03-24 15:47:39,Player_1,ILLEGAL HANDS (L 171°)
2026-03-24 15:47:39,Player_1,ILLEGAL HANDS (L 169°)
2026-03-24 15:47:39,Player_1,ILLEGAL HANDS (L 170°)
2026-03-24 15:47:39,Player_1,ILLEGAL HANDS (R 170°)
2026-03-24 15:47:39,Player_1,ILLEGAL HANDS (R 171°)
2026-03-24 15:47:39,Player_1,ILLEGAL HANDS (L 177°)
2026-03-24 15:47:43,Player_1,ILLEGAL HANDS (L 163°)
2026-03-24 15:47:43,Player_1,ILLEGAL HANDS (L 172°)
2026-03-24 15:47:43,Player_1,ILLEGAL HANDS (L 173°)
2026-03-24 15:47:43,Player_1,ILLEGAL HANDS (R 176°)
2026-03-24 15:47:43,Player_1,ILLEGAL HANDS (R 175°)
2026-03-24 15:47:43,Player_1,ILLEGAL HANDS (L 177°)
2026-03-24 15:47:43,Player_1,ILLEGAL HANDS (R 177°)
2026-03-24 15:47:43,Player_1,ILLEGAL HANDS (R 178°)
2026-03-24 15:47:43,Player_1,ILLEGAL HANDS (R 180°)
2026-03-24 15:47:44,Player_1,ILLEGAL HANDS (L 179°)
2026-03-24 15:47:44,Player_1,ILLEGAL HANDS (R 179°)
2026-03-24 15:47:44,Player_1,ILLEGAL HANDS (L 178°)
2026-03-24 15:47:45,Player_1,ILLEGAL HANDS (R 168°)
2026-03-24 15:47:46,Player_1,ILLEGAL HANDS (L 174°)
2026-03-24 15:47:46,Player_1,ILLEGAL HANDS (L 180°)
2026-03-24 15:47:47,Player_1,ILLEGAL HANDS (L 164°)
2026-03-24 15:47:49,Player_1,ILLEGAL HANDS (L 171°)
2026-03-24 15:47:49,Player_1,ILLEGAL HANDS (L 179°)
2026-03-24 15:47:49,Player_1,ILLEGAL HANDS (R 173°)
2026-03-24 15:47:49,Player_1,ILLEGAL HANDS (R 177°)
2026-03-24 15:47:49,Player_1,ILLEGAL HANDS (R 179°)
2026-03-24 15:47:49,Player_1,ILLEGAL HANDS (R 178°)
2026-03-24 15:47:49,Player_1,ILLEGAL HANDS (R 180°)
2026-03-24 15:47:49,Player_1,ILLEGAL HANDS (L 175°)
2026-03-24 15:47:49,Player_1,ILLEGAL HANDS (L 176°)
2026-03-24 15:48:12,Player_1,ILLEGAL HANDS (L 164°)
2026-03-24 15:48:12,Player_1,ILLEGAL HANDS (R 169°)
2026-03-24 15:48:12,Player_1,ILLEGAL HANDS (R 177°)
2026-03-24 15:48:12,Player_1,ILLEGAL HANDS (R 176°)
2026-03-24 15:48:12,Player_1,ILLEGAL HANDS (R 168°)
2026-03-24 15:48:12,Player_1,ILLEGAL HANDS (L 172°)
2026-03-24 15:48:14,Player_1,ILLEGAL HANDS (R 178°)
2026-03-24 15:48:14,Player_1,ILLEGAL HANDS (R 179°)
2026-03-24 15:48:14,Player_1,ILLEGAL HANDS (R 173°)
2026-03-24 15:48:14,Player_1,ILLEGAL HANDS (L 171°)
2026-03-24 15:48:14,Player_1,ILLEGAL HANDS (L 176°)
2026-03-24 15:48:14,Player_1,ILLEGAL HANDS (L 178°)
2026-03-24 15:48:15,Player_1,ILLEGAL HANDS (L 179°)
2026-03-24 15:48:15,Player_1,ILLEGAL HANDS (L 180°)
2026-03-24 15:48:15,Player_1,ILLEGAL HANDS (R 176°)
2026-03-24 15:48:15,Player_1,ILLEGAL HANDS (R 177°)
2026-03-24 15:48:15,Player_1,ILLEGAL HANDS (R 174°)
2026-03-24 15:48:15,Player_1,ILLEGAL HANDS (L 167°)
2026-03-24 15:48:15,Player_1,ILLEGAL HANDS (L 169°)
2026-03-24 15:48:15,Player_1,ILLEGAL HANDS (L 165°)
2026-03-24 15:48:15,Player_1,ILLEGAL HANDS (L 161°)
2026-03-24 15:48:16,Player_1,ILLEGAL HANDS (L 163°)
2026-03-24 15:48:16,Player_1,ILLEGAL HANDS (R 167°)
2026-03-24 15:48:16,Player_1,ILLEGAL HANDS (R 163°)
2026-03-24 15:48:16,Player_1,ILLEGAL HANDS (L 157°)
2026-03-24 15:48:16,Player_1,ILLEGAL HANDS (L 156°)
2026-03-24 15:48:16,Player_1,ILLEGAL HANDS (R 169°)
2026-03-24 15:48:16,Player_1,ILLEGAL HANDS (L 172°)
2026-03-24 15:48:16,Player_1,ILLEGAL HANDS (L 175°)
2026-03-24 15:48:17,Player_1,ILLEGAL HANDS (L 174°)
2026-03-24 15:48:17,Player_1,ILLEGAL HANDS (L 173°)
2026-03-24 15:48:17,Player_1,ILLEGAL HANDS (L 177°)
2026-03-24 15:48:18,Player_1,ILLEGAL HANDS (L 178°)
2026-03-24 15:48:18,Player_1,ILLEGAL HANDS (L 176°)
2026-03-24 15:48:18,Player_1,ILLEGAL HANDS (L 179°)
2026-03-24 15:48:19,Player_1,ILLEGAL HANDS (L 160°)
2026-03-24 15:48:19,Player_1,ILLEGAL HANDS (L 170°)
2026-03-24 15:48:20,Player_1,ILLEGAL HANDS (L 163°)
2026-03-24 15:48:20,Player_1,ILLEGAL HANDS (L 175°)
2026-03-24 15:48:20,Player_1,ILLEGAL HANDS (L 173°)
2026-03-24 15:48:20,Player_1,ILLEGAL HANDS (L 171°)
2026-03-24 15:48:20,Player_1,ILLEGAL HANDS (L 167°)
2026-03-24 15:48:21,Player_1,ILLEGAL HANDS (L 165°)
2026-03-24 15:48:21,Player_1,ILLEGAL HANDS (L 166°)
2026-03-24 15:48:21,Player_1,ILLEGAL HANDS (L 169°)
2026-03-24 15:48:21,Player_1,ILLEGAL HANDS (L 162°)
2026-03-24 15:48:21,Player_1,ILLEGAL HANDS (L 157°)
2026-03-24 15:48:21,Player_1,ILLEGAL HANDS (L 158°)
2026-03-24 15:48:22,Player_1,ILLEGAL HANDS (R 167°)
2026-03-24 15:48:22,Player_1,ILLEGAL HANDS (R 166°)
2026-03-24 15:48:22,Player_1,ILLEGAL HANDS (R 165°)
2026-03-24 15:48:22,Player_1,ILLEGAL HANDS (R 163°)
2026-03-24 15:48:22,Player_1,ILLEGAL HANDS (R 161°)
2026-03-24 15:48:22,Player_1,ILLEGAL HANDS (R 160°)
2026-03-24 15:48:23,Player_1,ILLEGAL HANDS (R 159°)
2026-03-24 15:48:23,Player_1,ILLEGAL HANDS (R 158°)
2026-03-24 15:48:24,Player_1,ILLEGAL HANDS (L 171°)
2026-03-24 15:48:24,Player_1,ILLEGAL HANDS (L 166°)
2026-03-24 15:48:24,Player_1,ILLEGAL HANDS (L 173°)
2026-03-24 15:48:24,Player_1,ILLEGAL HANDS (L 165°)
2026-03-24 15:48:24,Player_1,ILLEGAL HANDS (L 161°)
2026-03-24 15:48:24,Player_1,ILLEGAL HANDS (L 160°)
2026-03-24 15:48:25,Player_1,ILLEGAL HANDS (L 164°)
2026-03-24 15:48:25,Player_1,ILLEGAL HANDS (L 162°)
2026-03-24 15:48:25,Player_1,ILLEGAL HANDS (L 158°)
2026-03-24 15:48:25,Player_1,ILLEGAL HANDS (L 163°)
2026-03-24 15:48:26,Player_1,ILLEGAL HANDS (R 162°)
2026-03-24 15:48:26,Player_1,ILLEGAL HANDS (R 164°)
2026-03-24 15:48:26,Player_1,ILLEGAL HANDS (R 169°)
2026-03-24 15:48:26,Player_1,ILLEGAL HANDS (R 170°)
2026-03-24 15:48:26,Player_1,ILLEGAL HANDS (R 175°)
2026-03-24 15:48:26,Player_1,ILLEGAL HANDS (R 179°)
2026-03-24 15:48:26,Player_1,ILLEGAL HANDS (R 173°)
2026-03-24 15:48:26,Player_1,ILLEGAL HANDS (R 171°)
2026-03-24 15:48:27,Player_1,ILLEGAL HANDS (R 168°)
2026-03-24 15:48:27,Player_1,ILLEGAL HANDS (R 167°)
2026-03-24 15:48:27,Player_1,ILLEGAL HANDS (R 172°)
2026-03-24 15:48:27,Player_1,ILLEGAL HANDS (L 177°)
2026-03-24 15:48:27,Player_1,ILLEGAL HANDS (L 180°)
2026-03-24 15:48:27,Player_1,ILLEGAL HANDS (R 180°)
2026-03-24 15:48:27,Player_1,ILLEGAL HANDS (L 179°)
2026-03-24 15:48:27,Player_1,ILLEGAL HANDS (R 177°)
2026-03-24 15:48:27,Player_1,ILLEGAL HANDS (L 178°)
2026-03-24 15:48:28,Player_1,ILLEGAL HANDS (R 178°)
2026-03-24 15:48:28,Player_1,ILLEGAL HANDS (R 166°)
2026-03-24 15:48:28,Player_1,ILLEGAL HANDS (R 159°)
2026-03-24 15:48:33,Player_1,ILLEGAL HANDS (R 168°)
2026-03-24 15:48:33,Player_1,ILLEGAL HANDS (R 166°)
2026-03-24 15:48:33,Player_1,ILLEGAL HANDS (R 165°)
2026-03-24 15:48:34,Player_1,ILLEGAL HANDS (R 170°)
2026-03-24 15:48:34,Player_1,ILLEGAL HANDS (R 173°)
2026-03-24 15:48:34,Player_1,ILLEGAL HANDS (R 176°)
2026-03-24 15:48:34,Player_1,ILLEGAL HANDS (R 177°)
2026-03-24 15:48:34,Player_1,ILLEGAL HANDS (R 179°)
2026-03-24 15:48:34,Player_1,ILLEGAL HANDS (R 178°)
2026-03-24 15:48:34,Player_1,ILLEGAL HANDS (R 175°)
2026-03-24 15:48:35,Player_1,ILLEGAL HANDS (R 174°)
2026-03-24 15:48:35,Player_1,ILLEGAL HANDS (R 172°)
2026-03-24 15:48:36,Player_1,ILLEGAL HANDS (R 180°)
2026-03-24 15:48:37,Player_1,ILLEGAL HANDS (R 173°)
2026-03-24 15:48:37,Player_1,ILLEGAL HANDS (R 176°)
2026-03-24 15:48:37,Player_1,ILLEGAL HANDS (R 178°)
2026-03-24 15:48:37,Player_1,ILLEGAL HANDS (R 179°)
2026-03-24 15:48:38,Player_1,ILLEGAL HANDS (R 171°)
2026-03-24 15:48:38,Player_1,ILLEGAL HANDS (R 156°)
2026-03-24 15:48:38,Player_1,ILLEGAL HANDS (L 179°)
2026-03-24 15:48:38,Player_1,ILLEGAL HANDS (R 169°)
2026-03-24 15:48:38,Player_1,ILLEGAL HANDS (R 175°)
2026-03-24 15:48:38,Player_1,ILLEGAL HANDS (R 170°)
2026-03-24 15:48:39,Player_1,ILLEGAL HANDS (R 172°)
2026-03-24 15:48:39,Player_1,ILLEGAL HANDS (L 178°)
2026-03-24 15:48:39,Player_1,ILLEGAL HANDS (R 177°)
2026-03-24 15:48:40,Player_1,ILLEGAL HANDS (R 174°)
2026-03-24 15:48:40,Player_1,ILLEGAL HANDS (R 168°)
2026-03-24 15:48:40,Player_1,ILLEGAL HANDS (R 167°)
2026-03-24 15:48:40,Player_1,ILLEGAL HANDS (R 164°)
2026-03-24 15:48:41,Player_1,ILLEGAL HANDS (R 173°)
2026-03-24 15:48:41,Player_1,ILLEGAL HANDS (R 178°)
2026-03-24 15:48:41,Player_1,ILLEGAL HANDS (R 162°)
2026-03-24 15:48:41,Player_1,ILLEGAL HANDS (R 163°)
2026-03-24 15:48:41,Player_1,ILLEGAL HANDS (R 157°)
2026-03-24 15:48:41,Player_1,ILLEGAL HANDS (R 158°)
2026-03-24 15:48:41,Player_1,ILLEGAL HANDS (R 165°)
2026-03-24 15:48:41,Player_1,ILLEGAL HANDS (L 168°)
2026-03-24 15:48:41,Player_1,ILLEGAL HANDS (L 172°)
2026-03-24 15:48:42,Player_1,ILLEGAL HANDS (R 171°)
2026-03-24 15:48:42,Player_1,ILLEGAL HANDS (R 179°)
2026-03-24 15:48:42,Player_1,ILLEGAL HANDS (R 180°)
2026-03-24 15:48:42,Player_1,ILLEGAL HANDS (R 176°)
2026-03-24 15:48:43,Player_1,ILLEGAL HANDS (L 167°)
2026-03-24 15:48:43,Player_1,ILLEGAL HANDS (R 167°)
2026-03-24 15:48:44,Player_1,ILLEGAL HANDS (R 164°)
2026-03-24 15:48:44,Player_1,ILLEGAL HANDS (R 177°)
2026-03-24 15:48:44,Player_1,ILLEGAL HANDS (R 170°)
2026-03-24 15:48:44,Player_1,ILLEGAL HANDS (R 165°)
2026-03-24 15:48:44,Player_1,ILLEGAL HANDS (R 156°)
2026-03-24 15:48:45,Player_1,ILLEGAL HANDS (R 174°)
2026-03-24 15:48:46,Player_1,ILLEGAL HANDS (R 166°)
2026-03-24 15:48:46,Player_1,ILLEGAL HANDS (R 178°)
2026-03-24 15:48:46,Player_1,ILLEGAL HANDS (R 168°)
2026-03-24 15:48:46,Player_1,ILLEGAL HANDS (L 160°)
2026-03-24 15:48:46,Player_1,ILLEGAL HANDS (R 176°)
2026-03-24 15:48:46,Player_1,ILLEGAL HANDS (R 158°)
2026-03-24 15:48:47,Player_1,ILLEGAL HANDS (R 179°)
2026-03-24 15:48:47,Player_1,ILLEGAL HANDS (R 175°)
2026-03-24 15:48:47,Player_1,ILLEGAL HANDS (R 172°)
2026-03-24 15:48:47,Player_1,ILLEGAL HANDS (R 163°)
2026-03-24 15:48:47,Player_1,ILLEGAL HANDS (L 156°)
2026-03-24 15:48:47,Player_1,ILLEGAL HANDS (R 180°)
2026-03-24 15:48:48,Player_1,ILLEGAL HANDS (R 170°)
2026-03-24 15:48:48,Player_1,ILLEGAL HANDS (R 174°)
2026-03-24 15:48:48,Player_1,ILLEGAL HANDS (R 173°)
2026-03-24 15:48:48,Player_1,ILLEGAL HANDS (L 172°)
2026-03-24 15:48:48,Player_1,ILLEGAL HANDS (L 175°)
2026-03-24 15:48:48,Player_1,ILLEGAL HANDS (L 173°)
2026-03-24 15:48:49,Player_1,ILLEGAL HANDS (R 171°)
2026-03-24 15:48:49,Player_1,ILLEGAL HANDS (L 164°)
2026-03-24 15:48:49,Player_1,ILLEGAL HANDS (L 162°)
2026-03-24 15:48:49,Player_1,ILLEGAL HANDS (L 161°)
2026-03-24 15:48:50,Player_1,ILLEGAL HANDS (L 163°)
2026-03-24 15:48:51,Player_1,ILLEGAL HANDS (L 158°)
2026-03-24 15:48:51,Player_1,ILLEGAL HANDS (L 156°)
2026-03-24 15:48:51,Player_1,ILLEGAL HANDS (L 157°)
2026-03-24 15:48:51,Player_1,ILLEGAL HANDS (L 155°)
2026-03-24 15:48:52,Player_1,ILLEGAL HANDS (L 172°)
2026-03-24 15:48:52,Player_1,ILLEGAL HANDS (L 177°)
2026-03-24 15:48:52,Player_1,ILLEGAL HANDS (L 174°)
2026-03-24 15:48:52,Player_1,ILLEGAL HANDS (L 170°)
2026-03-24 15:48:52,Player_1,ILLEGAL HANDS (L 159°)
2026-03-24 15:48:53,Player_1,ILLEGAL HANDS (L 162°)
2026-03-24 15:48:53,Player_1,ILLEGAL HANDS (L 171°)
2026-03-24 15:48:53,Player_1,ILLEGAL HANDS (L 169°)
2026-03-24 15:48:53,Player_1,ILLEGAL HANDS (L 168°)
2026-03-24 15:48:53,Player_1,ILLEGAL HANDS (L 167°)
2026-03-24 15:48:54,Player_1,ILLEGAL HANDS (L 163°)
2026-03-24 15:48:55,Player_1,ILLEGAL HANDS (L 158°)
2026-03-24 15:48:55,Player_1,ILLEGAL HANDS (L 165°)
2026-03-24 15:48:55,Player_1,ILLEGAL HANDS (L 174°)
2026-03-24 15:48:56,Player_1,ILLEGAL HANDS (L 172°)
2026-03-24 15:48:56,Player_1,ILLEGAL HANDS (L 180°)
2026-03-24 15:48:56,Player_1,ILLEGAL HANDS (L 171°)
2026-03-24 15:48:56,Player_1,ILLEGAL HANDS (L 177°)
2026-03-24 15:48:57,Player_1,ILLEGAL HANDS (L 175°)
2026-03-24 15:48:57,Player_1,ILLEGAL HANDS (L 176°)
2026-03-24 15:48:57,Player_1,ILLEGAL HANDS (L 178°)
2026-03-24 15:48:57,Player_1,ILLEGAL HANDS (L 170°)
2026-03-24 15:52:29,Player_55,ILLEGAL HANDS (L 167°)
2026-03-24 15:52:29,Player_55,ILLEGAL HANDS (L 169°)
2026-03-24 15:52:29,Player_55,ILLEGAL HANDS (L 176°)
2026-03-24 15:52:29,Player_55,ILLEGAL HANDS (L 180°)
2026-03-24 15:52:29,Player_55,ILLEGAL HANDS (L 178°)
2026-03-24 15:52:30,Player_55,ILLEGAL HANDS (R 177°)
2026-03-24 15:52:30,Player_55,ILLEGAL HANDS (R 176°)
2026-03-24 15:52:30,Player_55,ILLEGAL HANDS (L 179°)
2026-03-24 15:52:30,Player_55,ILLEGAL HANDS (L 177°)
2026-03-24 15:52:33,Player_55,ILLEGAL HANDS (L 175°)
2026-03-24 15:52:33,Player_55,ILLEGAL HANDS (L 176°)
2026-03-24 15:52:33,Player_55,ILLEGAL HANDS (R 176°)
2026-03-24 15:52:33,Player_55,ILLEGAL HANDS (R 177°)
2026-03-24 15:52:33,Player_55,ILLEGAL HANDS (R 178°)
2026-03-24 15:52:40,Player_62,ILLEGAL HANDS (R 180°)
2026-03-24 15:52:41,Player_62,ILLEGAL HANDS (R 179°)
2026-03-24 15:52:41,Player_62,ILLEGAL HANDS (L 179°)
2026-03-24 15:52:45,Player_62,ILLEGAL HANDS (L 178°)
2026-03-24 15:52:45,Player_62,ILLEGAL HANDS (R 161°)
2026-03-24 15:52:45,Player_62,ILLEGAL HANDS (R 179°)
2026-03-24 15:52:45,Player_62,ILLEGAL HANDS (L 170°)
2026-03-24 15:52:46,Player_62,ILLEGAL HANDS (R 172°)
2026-03-24 15:52:46,Player_62,ILLEGAL HANDS (R 168°)
2026-03-24 15:52:46,Player_62,ILLEGAL HANDS (R 177°)
2026-03-24 15:52:46,Player_62,ILLEGAL HANDS (R 178°)
2026-03-24 15:52:46,Player_62,ILLEGAL HANDS (R 180°)
2026-03-24 15:52:48,Player_62,ILLEGAL HANDS (R 174°)
2026-03-24 15:52:48,Player_62,ILLEGAL HANDS (L 171°)
2026-03-24 15:52:49,Player_62,ILLEGAL HANDS (L 179°)
2026-03-24 15:52:49,Player_62,ILLEGAL HANDS (L 177°)
2026-03-24 15:52:49,Player_62,ILLEGAL HANDS (L 176°)
2026-03-24 15:53:04,Player_62,ILLEGAL HANDS (L 174°)
2026-03-24 15:53:04,Player_62,ILLEGAL HANDS (R 178°)
2026-03-24 15:53:04,Player_62,ILLEGAL HANDS (R 179°)
2026-03-24 15:53:04,Player_62,ILLEGAL HANDS (R 172°)
2026-03-24 15:53:06,Player_62,ILLEGAL HANDS (R 180°)
2026-03-24 15:53:11,Player_62,ILLEGAL HANDS (R 162°)
2026-03-24 15:53:20,Player_75,ILLEGAL HANDS (L 178°)
2026-03-24 15:53:20,Player_75,ILLEGAL HANDS (L 172°)
2026-03-24 16:11:37,Player_5,ILLEGAL HANDS (R)
